center_x,center_y,center_z,radius,start_angle,end_angle
2.0,0.3,0.01,0.032,0,6.283185307
2.0,0.7,0.01,0.032,0,6.283185307
2.4,0.3,0.01,0.032,0,6.283185307
2.4,0.7,0.01,0.032,0,6.283185307
2.8,0.3,0.01,0.032,0,6.283185307
2.8,0.7,0.01,0.032,0,6.283185307
5.0,0.3,0.01,0.032,0,6.283185307
5.0,0.7,0.01,0.032,0,6.283185307
4.6,0.3,0.01,0.032,0,6.283185307
4.6,0.7,0.01,0.032,0,6.283185307
4.2,0.3,0.01,0.032,0,6.283185307
4.2,0.7,0.01,0.032,0,6.283185307